0,0,0,0,0,0,0,0,0,0,0,0,0,0,0,0,0,0,0,0,0,0,0,0,0,0,0,0,0,0,0,0,0,0,0,0,0,0,0,0,0,0,0,0,0,0,0,0,0,0,0,0,0,0,0,0,0,0,0,0,0,0,0,0,0,1
0,1.91114e-05,2.44549e-05,3.14194e-06,-3.18178e-05,-7.23635e-05,-0.000114401,-0.000156021,-0.000196398,-0.000235221,-0.000272416,-0.000308013,-0.00034207,-0.000374649,-0.000405794,-0.000435529,-0.000463849,-0.000490728,-0.000516114,-0.000539936,-0.000562108,-0.00058253,-0.000601098,-0.000617704,-0.000632249,-0.000644643,-0.000654818,-0.000662735,-0.00066839,-0.000671826,-0.000673144,-0.000672511,-0.000670173,-0.000666469,-0.000661842,-0.000656862,-0.00065224,-0.000648856,-0.000647788,-0.000650354,-0.000658159,-0.000673167,-0.000697789,-0.000735,-0.00078851,-0.000862975,-0.000964309,-0.0011001,-0.00128022,-0.00151764,-0.00182974,-0.00224014,-0.00278169,-0.00350122,-0.00446766,-0.00578618,-0.0076241,-0.0102582,-0.0141581,-0.0201083,-0.0292516,-0.0422913,-0.0540233,-0.0251572,0.25299,1
0,5.74704e-05,4.90036e-05,-3.25113e-05,-0.000153643,-0.000293852,-0.00044137,-0.000589783,-0.000735756,-0.000877656,-0.00101476,-0.00114683,-0.00127381,-0.00139576,-0.00151272,-0.00162468,-0.00173159,-0.00183333,-0.0019297,-0.00202044,-0.00210527,-0.00218383,-0.00225577,-0.00232073,-0.00237839,-0.00242845,-0.0024707,-0.00250502,-0.00253145,-0.00255017,-0.00256157,-0.00256627,-0.00256519,-0.00255957,-0.00255102,-0.00254159,-0.00253385,-0.00253094,-0.00253671,-0.00255582,-0.00259395,-0.00265797,-0.00275624,-0.002899,-0.00309883,-0.00337134,-0.003736,-0.00421731,-0.00484641,-0.0056632,-0.00671934,-0.00808246,-0.00984214,-0.0121185,-0.0150747,-0.0189338,-0.0240008,-0.0306776,-0.0394315,-0.0505609,-0.0632384,-0.0721453,-0.0563852,0.055191,0.459256,1
0,7.4803e-05,1.76561e-05,-0.000162038,-0.000411262,-0.000696797,-0.00099838,-0.00130403,-0.00160689,-0.00190319,-0.00219098,-0.0024693,-0.00273773,-0.00299611,-0.00324434,-0.00348227,-0.00370971,-0.00392633,-0.0041317,-0.00432528,-0.00450644,-0.00467449,-0.00482871,-0.00496838,-0.00509283,-0.00520149,-0.00529395,-0.00536999,-0.00542969,-0.00547344,-0.00550206,-0.00551685,-0.00551968,-0.00551309,-0.00550037,-0.00548571,-0.0054743,-0.0054725,-0.00548807,-0.00553035,-0.00561064,-0.0057425,-0.00594234,-0.00622996,-0.00662942,-0.00717005,-0.00788781,-0.00882693,-0.0100421,-0.0116014,-0.0135891,-0.0161107,-0.0192969,-0.0233087,-0.0283402,-0.0346124,-0.0423448,-0.0516598,-0.0623175,-0.0730033,-0.0794839,-0.0699359,-0.0136425,0.161176,0.593089,1
0,5.69612e-05,-9.59323e-05,-0.000413178,-0.000827737,-0.00129598,-0.00178998,-0.00229225,-0.00279214,-0.00328333,-0.0037622,-0.00422675,-0.00467589,-0.00510902,-0.00552571,-0.00592555,-0.00630805,-0.00667261,-0.00701845,-0.00734463,-0.00765011,-0.00793375,-0.00819435,-0.00843075,-0.00864186,-0.00882675,-0.00898475,-0.00911551,-0.00921912,-0.00929624,-0.00934815,-0.00937694,-0.00938562,-0.00937823,-0.00936004,-0.00933771,-0.0093195,-0.00931551,-0.00933794,-0.00940149,-0.00952371,-0.00972558,-0.0100321,-0.0104733,-0.0110848,-0.0119093,-0.0129983,-0.0144131,-0.0162273,-0.0185285,-0.0214204,-0.0250234,-0.0294734,-0.0349149,-0.0414825,-0.0492568,-0.0581647,-0.0677619,-0.0767594,-0.082,-0.0762722,-0.0437576,0.0488073,0.259333,0.678325,1
0,-2.38885e-07,-0.000302522,-0.000798299,-0.00141304,-0.00209615,-0.00281381,-0.00354388,-0.00427218,-0.00498983,-0.0056914,-0.00637362,-0.00703453,-0.00767289,-0.00828779,-0.00887841,-0.00944387,-0.00998314,-0.010495,-0.010978,-0.0114307,-0.0118513,-0.0122381,-0.0125894,-0.0129035,-0.0131792,-0.0134154,-0.0136116,-0.0137678,-0.0138849,-0.0139647,-0.01401,-0.014025,-0.0140153,-0.0139882,-0.013953,-0.013921,-0.0139062,-0.0139254,-0.0139986,-0.0141495,-0.0144063,-0.0148021,-0.015376,-0.0161737,-0.017249,-0.0186647,-0.0204935,-0.0228191,-0.025736,-0.0293482,-0.033764,-0.0390858,-0.0453875,-0.0526707,-0.0607802,-0.0692413,-0.0769495,-0.0815746,-0.07843,-0.0583596,-0.00399741,0.114391,0.341815,0.734209,1
0,-9.61222e-05,-0.000603082,-0.00131884,-0.00216704,-0.00309366,-0.00406121,-0.00504416,-0.00602548,-0.00699402,-0.00794263,-0.00886676,-0.00976345,-0.0106307,-0.0114671,-0.0122712,-0.0130416,-0.0137768,-0.014475,-0.0151344,-0.0157526,-0.0163274,-0.0168564,-0.0173372,-0.0177678,-0.018146,-0.0184706,-0.0187407,-0.0189562,-0.0191181,-0.0192286,-0.0192911,-0.019311,-0.0192953,-0.0192533,-0.0191966,-0.0191396,-0.0190999,-0.0190984,-0.0191601,-0.0193142,-0.0195951,-0.0200427,-0.0207032,-0.02163,-0.0228839,-0.024534,-0.0266571,-0.0293372,-0.0326623,-0.0367185,-0.0415788,-0.0472813,-0.0537921,-0.0609377,-0.0682881,-0.0749501,-0.0792054,-0.0778794,-0.0652549,-0.0312757,0.0411279,0.176429,0.409248,0.772533,1
0,-0.000227722,-0.000992792,-0.00196896,-0.00308225,-0.00427837,-0.00551832,-0.00677463,-0.00802833,-0.00926655,-0.0104807,-0.011665,-0.0128156,-0.0139297,-0.0150051,-0.01604,-0.0170323,-0.0179799,-0.0188804,-0.0197313,-0.0205296,-0.0212723,-0.0219562,-0.0225784,-0.0231358,-0.0236261,-0.024047,-0.0243974,-0.0246771,-0.0248868,-0.025029,-0.0251078,-0.0251292,-0.0251015,-0.0250356,-0.0249455,-0.024848,-0.0247638,-0.0247175,-0.0247381,-0.0248595,-0.0251208,-0.0255669,-0.026249,-0.0272246,-0.0285578,-0.0303183,-0.0325803,-0.0354188,-0.0389042,-0.0430909,-0.0479993,-0.0535854,-0.0596889,-0.0659493,-0.0716657,-0.0755671,-0.0754359,-0.0674978,-0.0454576,0.000941876,0.0867294,0.232564,0.464271,0.800122,1
0,-0.000391072,-0.00146364,-0.00273825,-0.0041462,-0.00563543,-0.00716733,-0.00871391,-0.0102553,-0.0117775,-0.0132708,-0.0147287,-0.0161465,-0.0175206,-0.0188481,-0.0201267,-0.0213535,-0.0225259,-0.0236409,-0.024695,-0.0256845,-0.0266058,-0.0274547,-0.0282274,-0.0289202,-0.0295296,-0.030053,-0.0304885,-0.0308354,-0.0310943,-0.0312677,-0.0313598,-0.0313773,-0.0313294,-0.0312284,-0.0310897,-0.0309325,-0.0307798,-0.0306591,-0.0306025,-0.0306472,-0.0308357,-0.0312159,-0.0318415,-0.0327711,-0.0340681,-0.0357983,-0.0380272,-0.0408142,-0.0442033,-0.0482084,-0.0527888,-0.0578102,-0.0629842,-0.0677713,-0.0712296,-0.0717784,-0.066832,-0.0522459,-0.0215179,0.0351836,0.130701,0.282504,0.509573,0.820916,1
0,-0.000581872,-0.00200605,-0.00361373,-0.00534334,-0.00714684,-0.00898764,-0.0108385,-0.0126795,-0.0144964,-0.016279,-0.01802,-0.0197142,-0.0213575,-0.0229464,-0.0244777,-0.0259483,-0.0273546,-0.0286929,-0.0299591,-0.0311486,-0.0322566,-0.0332783,-0.0342087,-0.0350432,-0.0357774,-0.0364077,-0.0369315,-0.0373475,-0.0376556,-0.0378581,-0.0379592,-0.0379658,-0.0378877,-0.0377379,-0.0375331,-0.0372939,-0.0370452,-0.0368164,-0.0366417,-0.0365604,-0.0366167,-0.0368599,-0.0373438,-0.0381256,-0.0392646,-0.0408191,-0.0428414,-0.0453705,-0.0484197,-0.0519576,-0.0558797,-0.0599628,-0.0637982,-0.0666879,-0.0674901,-0.0643876,-0.0545483,-0.0336412,0.00483398,0.0695595,0.17206,0.326722,0.547373,0.837225,1
0,-0.000795832,-0.00260985,-0.00458119,-0.00665643,-0.00879282,-0.010957,-0.0131236,-0.0152735,-0.017393,-0.0194717,-0.0215023,-0.0234791,-0.0253975,-0.0272538,-0.0290442,-0.0307647,-0.0324114,-0.0339796,-0.0354644,-0.0368602,-0.0381613,-0.0393618,-0.0404555,-0.0414368,-0.0423,-0.0430406,-0.0436548,-0.0441404,-0.0444967,-0.0447252,-0.0448298,-0.0448172,-0.0446973,-0.0444836,-0.0441932,-0.0438478,-0.0434731,-0.0430998,-0.0427633,-0.0425035,-0.0423654,-0.0423977,-0.0426526,-0.0431837,-0.044044,-0.0452813,-0.0469323,-0.0490129,-0.0515036,-0.0543276,-0.057318,-0.0601697,-0.0623671,-0.0630794,-0.0610075,-0.0541652,-0.0395727,-0.012856,0.0321582,0.103181,0.210515,0.36593,0.579376,0.850447,1
0,-0.00102886,-0.00326493,-0.00562606,-0.00806752,-0.0105527,-0.0130523,-0.0155436,-0.0180095,-0.0204369,-0.0228162,-0.0251402,-0.0274031,-0.0296004,-0.0317277,-0.0337808,-0.0357555,-0.0376468,-0.0394494,-0.0411575,-0.0427645,-0.0442635,-0.0456475,-0.046909,-0.048041,-0.0490366,-0.0498899,-0.0505958,-0.051151,-0.0515537,-0.0518043,-0.0519061,-0.0518652,-0.0516912,-0.0513972,-0.0510008,-0.0505236,-0.0499918,-0.0494365,-0.0488931,-0.0484018,-0.0480065,-0.0477544,-0.0476946,-0.0478757,-0.0483425,-0.0491311,-0.0502611,-0.0517246,-0.0534696,-0.0553756,-0.0572189,-0.0586211,-0.0589765,-0.0573473,-0.0523175,-0.0417902,-0.0227178,0.00925048,0.059583,0.135536,0.24609,0.400852,0.606857,0.861456,1
0,-0.00127715,-0.00396149,-0.00673397,-0.00955867,-0.0124055,-0.0152501,-0.0180731,-0.0208597,-0.0235984,-0.0262807,-0.0288998,-0.0314505,-0.033928,-0.036328,-0.0386459,-0.0408769,-0.0430156,-0.0450557,-0.0469904,-0.0488122,-0.050513,-0.0520842,-0.0535172,-0.0548032,-0.055934,-0.056902,-0.0577007,-0.058325,-0.0587718,-0.0590404,-0.0591328,-0.0590541,-0.058813,-0.0584223,-0.0578989,-0.057264,-0.0565438,-0.0557688,-0.0549741,-0.0541987,-0.0534851,-0.052878,-0.0524223,-0.0521605,-0.0521286,-0.0523502,-0.0528277,-0.0535301,-0.0543745,-0.0552006,-0.0557339,-0.0555338,-0.0539202,-0.0498726,-0.0418912,-0.0278129,-0.00457864,0.0318825,0.0866506,0.166405,0.278961,0.432134,0.630765,0.870821,1
0,-0.00153719,-0.00469031,-0.00789108,-0.0111123,-0.0143309,-0.0175275,-0.0206868,-0.0237969,-0.0268484,-0.0298341,-0.0327485,-0.0355867,-0.0383444,-0.0410172,-0.0436004,-0.0460888,-0.0484763,-0.0507559,-0.0529197,-0.0549591,-0.0568648,-0.0586265,-0.0602342,-0.0616773,-0.0629458,-0.0640304,-0.0649225,-0.0656155,-0.0661045,-0.0663869,-0.0664633,-0.0663374,-0.0660167,-0.0655128,-0.0648417,-0.0640238,-0.0630844,-0.0620532,-0.060964,-0.0598544,-0.0587647,-0.0577363,-0.0568095,-0.0560204,-0.0553958,-0.0549469,-0.0546599,-0.0544816,-0.0543013,-0.0539233,-0.0530295,-0.0511271,-0.0474774,-0.0409982,-0.030135,-0.0126975,0.014327,0.0546101,0.11306,0.195713,0.309356,0.46033,0.651808,0.878927,1
0,-0.00180578,-0.00544275,-0.00908422,-0.0127116,-0.0163087,-0.0198618,-0.0233599,-0.0267943,-0.0301583,-0.0334465,-0.0366546,-0.0397788,-0.0428152,-0.0457598,-0.0486078,-0.0513536,-0.0539904,-0.0565107,-0.0589055,-0.0611649,-0.0632781,-0.0652335,-0.0670189,-0.0686222,-0.0700311,-0.0712343,-0.0722211,-0.0729827,-0.073512,-0.0738046,-0.073859,-0.073677,-0.0732647,-0.072632,-0.0717935,-0.0707683,-0.0695805,-0.0682582,-0.0668339,-0.0653432,-0.0638238,-0.0623134,-0.0608476,-0.059456,-0.0581565,-0.0569488,-0.0558035,-0.054648,-0.0533466,-0.051673,-0.0492723,-0.0456097,-0.0399005,-0.0310186,-0.017377,0.00322344,0.0335414,0.0771541,0.138646,0.223472,0.337515,0.485897,0.670521,0.886043,1
0,-0.00208002,-0.00621075,-0.010301,-0.0143404,-0.0183198,-0.0222313,-0.0260684,-0.029826,-0.0335005,-0.0370886,-0.0405877,-0.0439951,-0.0473079,-0.0505222,-0.0536335,-0.0566359,-0.0595221,-0.0622839,-0.0649111,-0.0673926,-0.069716,-0.071868,-0.0738346,-0.0756012,-0.0771537,-0.0784779,-0.0795612,-0.0803919,-0.0809606,-0.0812605,-0.0812877,-0.081042,-0.0805271,-0.0797512,-0.078727,-0.0774721,-0.0760085,-0.0743631,-0.0725663,-0.0706514,-0.0686533,-0.0666065,-0.0645415,-0.0624817,-0.0604371,-0.0583963,-0.0563165,-0.0541076,-0.0516125,-0.0485789,-0.0446218,-0.0391726,-0.0314121,-0.0201843,-0.00388796,0.0195815,0.0528334,0.0993303,0.163326,0.24974,0.363665,0.509215,0.687313,0.892363,1
0,-0.00235722,-0.00698682,-0.0115296,-0.0159833,-0.0203458,-0.0246148,-0.0287888,-0.0328668,-0.0368481,-0.0407322,-0.0445183,-0.0482052,-0.0517908,-0.0552721,-0.0586446,-0.0619023,-0.0650375,-0.0680411,-0.0709021,-0.0736078,-0.0761443,-0.0784963,-0.0806475,-0.0825814,-0.084281,-0.0857297,-0.0869119,-0.0878132,-0.0884215,-0.088727,-0.0887233,-0.0884073,-0.0877806,-0.0868488,-0.0856226,-0.0841174,-0.0823536,-0.0803559,-0.0781526,-0.0757749,-0.0732548,-0.0706232,-0.0679066,-0.0651224,-0.0622733,-0.0593386,-0.0562633,-0.0529426,-0.0492012,-0.0447653,-0.0392255,-0.031987,-0.0222063,-0.00871003,0.0100941,0.0361374,0.0720203,0.121016,0.187064,0.274595,0.388014,0.530592,0.702499,0.898031,1
0,-0.00263491,-0.00776394,-0.0127589,-0.0176257,-0.0223687,-0.0269919,-0.0314987,-0.0358922,-0.0401752,-0.0443499,-0.0484178,-0.0523793,-0.0562336,-0.0599784,-0.0636094,-0.0671207,-0.0705043,-0.0737501,-0.0768461,-0.0797783,-0.0825308,-0.0850865,-0.0874267,-0.0895323,-0.0913835,-0.0929609,-0.0942457,-0.0952204,-0.0958697,-0.0961806,-0.0961436,-0.0957528,-0.0950068,-0.0939086,-0.0924664,-0.0906934,-0.0886077,-0.0862319,-0.0835923,-0.0807177,-0.0776375,-0.0743796,-0.0709663,-0.0674102,-0.0637076,-0.0598297,-0.0557115,-0.0512356,-0.0462117,-0.0403485,-0.0332172,-0.0242032,-0.0124458,0.00324058,0.0243241,0.0527348,0.0909751,0.142135,0.209856,0.298126,0.410746,0.550285,0.716327,0.903155,1
0,-0.00291079,-0.00853547,-0.0139785,-0.0192534,-0.0243717,-0.029343,-0.0341761,-0.0388783,-0.0434562,-0.0479149,-0.0522583,-0.0564888,-0.0606067,-0.0646108,-0.0684973,-0.0722602,-0.0758913,-0.0793796,-0.0827121,-0.0858732,-0.0888452,-0.0916088,-0.0941429,-0.0964255,-0.0984339,-0.100145,-0.101538,-0.10259,-0.103283,-0.103601,-0.103531,-0.103062,-0.102192,-0.100919,-0.0992497,-0.0971942,-0.0947683,-0.0919925,-0.0888909,-0.0854901,-0.0818173,-0.0778975,-0.0737497,-0.0693824,-0.0647866,-0.0599268,-0.0547297,-0.0490677,-0.0427383,-0.0354363,-0.0267176,-0.0159531,-0.00227057,0.0154653,0.0386719,0.0692542,0.109607,0.16264,0.231716,0.320418,0.432021,0.568501,0.72899,0.90782,1
0,-0.00318266,-0.00929508,-0.0151782,-0.0208531,-0.0263381,-0.031649,-0.0367997,-0.041802,-0.0466664,-0.0514011,-0.0560127,-0.0605054,-0.0648813,-0.06914,-0.0732785,-0.0772908,-0.0811683,-0.0848994,-0.0884699,-0.0918627,-0.0950581,-0.0980345,-0.100768,-0.103234,-0.105406,-0.107258,-0.108764,-0.1099,-0.110642,-0.110971,-0.110868,-0.110322,-0.109325,-0.107872,-0.105968,-0.103618,-0.100837,-0.0976435,-0.0940587,-0.0901074,-0.0858148,-0.0812036,-0.0762903,-0.0710799,-0.0655593,-0.0596879,-0.0533856,-0.0465168,-0.0388695,-0.0301278,-0.0198365,-0.00735669,0.00818352,0.0278317,0.0530245,0.0856016,0.127849,0.182504,0.252667,0.341554,0.451977,0.585415,0.740645,0.91209,1
0,-0.0034484,-0.0100367,-0.0163482,-0.0224117,-0.0282521,-0.0338915,-0.0393488,-0.0446408,-0.0497817,-0.0547831,-0.0596543,-0.0644017,-0.0690292,-0.0735373,-0.0779237,-0.0821828,-0.0863056,-0.0902799,-0.0940901,-0.0977176,-0.101141,-0.104335,-0.107275,-0.109931,-0.112275,-0.114275,-0.115904,-0.11713,-0.117928,-0.118273,-0.118143,-0.117522,-0.116398,-0.114763,-0.112618,-0.109967,-0.10682,-0.103195,-0.0991096,-0.0945883,-0.0896541,-0.0843279,-0.0786243,-0.0725458,-0.0660763,-0.0591712,-0.0517456,-0.0436577,-0.0346884,-0.0245137,-0.0126704,0.00149027,0.0187751,0.040241,0.0672922,0.101704,0.145654,0.201713,0.272736,0.361609,0.470732,0.601168,0.751416,0.916017,1
0,-0.00370595,-0.0107543,-0.017479,-0.0239164,-0.0300981,-0.0360522,-0.0418033,-0.0473726,-0.0527784,-0.0580358,-0.063157,-0.0681508,-0.0730225,-0.0777743,-0.0824043,-0.0869074,-0.0912742,-0.0954918,-0.0995435,-0.103409,-0.107065,-0.110484,-0.113636,-0.116491,-0.119015,-0.121174,-0.122934,-0.12426,-0.125123,-0.125492,-0.125341,-0.12465,-0.123403,-0.121587,-0.1192,-0.116243,-0.112725,-0.108657,-0.10406,-0.0989545,-0.0933621,-0.0873028,-0.0807899,-0.0738245,-0.0663883,-0.0584344,-0.0498742,-0.0405619,-0.0302731,-0.0186784,-0.00531009,0.0104689,0.0294213,0.0526108,0.0814018,0.117502,0.162985,0.220259,0.291952,0.380648,0.488388,0.615878,0.761404,0.919643,1
0,-0.00395327,-0.0114421,-0.0185614,-0.0253547,-0.0318608,-0.0381137,-0.0441433,-0.0499758,-0.0556334,-0.061135,-0.0664955,-0.0717262,-0.0768343,-0.0818231,-0.086692,-0.0914357,-0.0960449,-0.100506,-0.104801,-0.108908,-0.112801,-0.116451,-0.119825,-0.122888,-0.125602,-0.12793,-0.129832,-0.131271,-0.132209,-0.132613,-0.132451,-0.131698,-0.130334,-0.128342,-0.125716,-0.122453,-0.11856,-0.114046,-0.108929,-0.103229,-0.0969672,-0.0901621,-0.0828265,-0.074961,-0.0665464,-0.0575342,-0.0478341,-0.0372977,-0.0256978,-0.0127014,0.0021651,0.0194866,0.0400413,0.0648681,0.0952905,0.13295,0.179814,0.238139,0.310342,0.398731,0.505029,0.629642,0.770691,0.922998,1
0,-0.00418832,-0.0120944,-0.0195861,-0.0267146,-0.0335254,-0.0400586,-0.0463496,-0.0524293,-0.0583243,-0.0640567,-0.0696447,-0.0751019,-0.0804376,-0.0856564,-0.0907586,-0.0957393,-0.100589,-0.105294,-0.109834,-0.114186,-0.118322,-0.12221,-0.125814,-0.129094,-0.13201,-0.134519,-0.136576,-0.13814,-0.139167,-0.139619,-0.139459,-0.138656,-0.137184,-0.135025,-0.132166,-0.128602,-0.124335,-0.119375,-0.113736,-0.107437,-0.100499,-0.0929405,-0.0847742,-0.0760008,-0.0666011,-0.0565265,-0.0456861,-0.0339306,-0.0210317,-0.00665669,0.00966243,0.0284757,0.0505671,0.0769498,0.108904,0.148004,0.196117,0.255352,0.327929,0.415906,0.520725,0.642539,0.779342,0.92611,1
0,-0.00440907,-0.0127053,-0.0205441,-0.0279841,-0.0350774,-0.0418703,-0.0484035,-0.0547128,-0.0608289,-0.0667777,-0.0725802,-0.0782526,-0.0838062,-0.0892472,-0.0945766,-0.0997901,-0.104878,-0.109826,-0.114613,-0.119214,-0.123598,-0.127731,-0.131573,-0.135082,-0.138212,-0.140915,-0.143143,-0.144846,-0.145978,-0.146493,-0.14635,-0.145511,-0.143947,-0.141632,-0.138551,-0.134694,-0.130061,-0.124658,-0.1185,-0.111603,-0.103987,-0.0956731,-0.0866731,-0.076989,-0.0666025,-0.055466,-0.0434894,-0.030524,-0.0163416,-0.000610284,0.0171071,0.0373663,0.0609345,0.0887981,0.122194,0.162629,0.211872,0.271895,0.344732,0.432214,0.535536,0.654633,0.787409,0.928998,1
0,-0.00461347,-0.0132692,-0.0214265,-0.0291513,-0.0365024,-0.0435322,-0.0502867,-0.0568063,-0.0631261,-0.0692753,-0.0752783,-0.0811536,-0.0869146,-0.092569,-0.0981187,-0.10356,-0.108883,-0.114073,-0.119108,-0.123961,-0.128599,-0.132984,-0.137075,-0.140823,-0.14418,-0.147092,-0.149505,-0.151366,-0.15262,-0.153217,-0.153108,-0.152252,-0.150612,-0.148158,-0.14487,-0.140734,-0.135746,-0.129911,-0.12324,-0.11575,-0.107462,-0.0983949,-0.0885634,-0.0779706,-0.0666003,-0.0544067,-0.0413021,-0.02714,-0.011695,0.00536433,0.0244399,0.0460976,0.0710851,0.10036,0.135114,0.17679,0.227059,0.287763,0.360764,0.447687,0.549507,0.665976,0.794934,0.931678,1
0,-0.00479948,-0.0137805,-0.0222245,-0.0302048,-0.0377868,-0.0450286,-0.0519815,-0.0586907,-0.0651952,-0.0715279,-0.077716,-0.0837809,-0.0897378,-0.0955959,-0.101358,-0.107022,-0.112577,-0.118007,-0.12329,-0.128398,-0.133294,-0.13794,-0.142287,-0.146287,-0.149883,-0.15302,-0.155636,-0.157672,-0.159069,-0.159768,-0.159716,-0.158864,-0.157169,-0.154597,-0.151121,-0.146724,-0.141398,-0.135145,-0.127975,-0.119904,-0.110952,-0.101141,-0.0904847,-0.0789901,-0.0666433,-0.0534015,-0.0391802,-0.0238371,-0.00715201,0.0111983,0.0315986,0.0546103,0.0809628,0.111584,0.147622,0.190453,0.241657,0.30295,0.376035,0.462349,0.562674,0.676607,0.801949,0.934162,1
0,-0.00496505,-0.0142337,-0.0229298,-0.0311337,-0.0389173,-0.0463443,-0.0534712,-0.0603477,-0.0670166,-0.0735145,-0.0798716,-0.0861115,-0.0922517,-0.0983029,-0.104269,-0.110148,-0.11593,-0.121599,-0.12713,-0.132494,-0.137653,-0.142565,-0.147179,-0.151441,-0.155292,-0.158668,-0.161506,-0.163737,-0.165298,-0.166122,-0.166151,-0.165327,-0.163603,-0.160938,-0.157298,-0.152664,-0.147022,-0.140373,-0.132722,-0.124087,-0.114487,-0.103944,-0.0924758,-0.0800913,-0.0667799,-0.0525028,-0.0371799,-0.0206738,-0.0027719,0.0168315,0.0385218,0.0628457,0.0905128,0.122421,0.159674,0.203583,0.255641,0.317443,0.390546,0.476216,0.575063,0.686557,0.808478,0.936459,1
0,-0.00510821,-0.0146234,-0.023534,-0.0319273,-0.0398811,-0.0474649,-0.0547398,-0.0617599,-0.0685719,-0.0752156,-0.081724,-0.0881235,-0.0944333,-0.100666,-0.106826,-0.112913,-0.118916,-0.124819,-0.130597,-0.136219,-0.141644,-0.146828,-0.151717,-0.156253,-0.160371,-0.164004,-0.167082,-0.16953,-0.171278,-0.172253,-0.172389,-0.171622,-0.169898,-0.167168,-0.163395,-0.158551,-0.152622,-0.145601,-0.137495,-0.128319,-0.118091,-0.106836,-0.0945747,-0.0813172,-0.0670579,-0.0517628,-0.0353571,-0.0177103,0.00138341,0.0222081,0.0451526,0.0707476,0.0996813,0.132821,0.171226,0.216145,0.268985,0.331229,0.404296,0.489297,0.586693,0.695846,0.814538,0.938575,1
0,-0.00522698,-0.0149444,-0.0240293,-0.0325755,-0.0406666,-0.048377,-0.0557726,-0.0629114,-0.0698438,-0.0766127,-0.083254,-0.0897963,-0.0962609,-0.102662,-0.109005,-0.11529,-0.121507,-0.12764,-0.133662,-0.139541,-0.145235,-0.150695,-0.155867,-0.160687,-0.165086,-0.168992,-0.172329,-0.175016,-0.176976,-0.178129,-0.178401,-0.177723,-0.176031,-0.17327,-0.169397,-0.164379,-0.158195,-0.150837,-0.142307,-0.132618,-0.121791,-0.10985,-0.0968178,-0.0827097,-0.067524,-0.0512322,-0.0337664,-0.0150034,0.00525254,0.0272698,0.0514336,0.0782594,0.108414,0.142734,0.182234,0.228101,0.281659,0.344286,0.417274,0.501593,0.597571,0.704488,0.820139,0.940512,1
0,-0.00531952,-0.0151918,-0.0244085,-0.0330693,-0.0412629,-0.0490685,-0.0565561,-0.0637876,-0.0708166,-0.0776891,-0.0844436,-0.0911108,-0.0977141,-0.104269,-0.110783,-0.117256,-0.123678,-0.130033,-0.136295,-0.142429,-0.148392,-0.154133,-0.159593,-0.164706,-0.1694,-0.173595,-0.177209,-0.180158,-0.182355,-0.183715,-0.184156,-0.1836,-0.181976,-0.179223,-0.17529,-0.170137,-0.163738,-0.15608,-0.147164,-0.136999,-0.125607,-0.113012,-0.0992399,-0.0843093,-0.0682238,-0.0509613,-0.0324615,-0.0126103,0.00877785,0.0319574,0.0573056,0.0853235,0.116656,0.152107,0.192649,0.239408,0.293629,0.35659,0.429465,0.513096,0.6077,0.712488,0.825287,0.942272,1
0,-0.00538406,-0.0153614,-0.0246651,-0.0334002,-0.0416602,-0.0495283,-0.0570784,-0.0643756,-0.0714765,-0.07843,-0.0852768,-0.0920499,-0.0987745,-0.105468,-0.112138,-0.118786,-0.125403,-0.131973,-0.138468,-0.144853,-0.151083,-0.157106,-0.16286,-0.168274,-0.173272,-0.17777,-0.181681,-0.184914,-0.187375,-0.188972,-0.189615,-0.189218,-0.187703,-0.184999,-0.181049,-0.175807,-0.169239,-0.161329,-0.152071,-0.141474,-0.129558,-0.116349,-0.101873,-0.0861547,-0.0692017,-0.0509991,-0.0314953,-0.0105866,0.0119011,0.0362103,0.0627083,0.0918802,0.124348,0.160886,0.202421,0.250022,0.304857,0.368111,0.440846,0.523795,0.617073,0.719844,0.829981,0.943854,1
0,-0.00541901,-0.015449,-0.0247933,-0.0335613,-0.0418504,-0.0497475,-0.0573295,-0.0646644,-0.0718117,-0.0788224,-0.0857397,-0.0925985,-0.0994256,-0.10624,-0.11305,-0.119859,-0.126659,-0.133432,-0.140152,-0.146782,-0.153276,-0.15958,-0.165628,-0.17135,-0.176662,-0.181478,-0.185703,-0.189241,-0.191992,-0.193857,-0.194736,-0.194537,-0.193173,-0.190566,-0.186649,-0.181368,-0.174684,-0.166572,-0.157026,-0.146049,-0.133659,-0.119882,-0.104748,-0.0882826,-0.0705006,-0.0513938,-0.0309199,-0.00898674,0.0145624,0.0399674,0.0675802,0.0978687,0.131433,0.169014,0.211496,0.259893,0.315299,0.37881,0.45139,0.533667,0.625676,0.726547,0.834216,0.945254,1
0,-0.00542297,-0.0154513,-0.0247884,-0.0335467,-0.0418269,-0.0497185,-0.0573012,-0.0646453,-0.0718126,-0.0788561,-0.0858209,-0.0927439,-0.0996533,-0.106569,-0.113503,-0.120457,-0.127424,-0.134388,-0.141321,-0.148187,-0.154938,-0.161519,-0.167862,-0.173894,-0.179528,-0.184672,-0.189227,-0.193091,-0.196158,-0.198321,-0.199473,-0.199513,-0.198346,-0.195884,-0.192053,-0.18679,-0.180048,-0.171796,-0.162021,-0.150723,-0.137918,-0.123629,-0.107889,-0.0907269,-0.0721618,-0.0521935,-0.0307892,-0.00786994,0.016705,0.0431688,0.071859,0.103226,0.137846,0.176428,0.219817,0.268967,0.324906,0.388647,0.461061,0.542686,0.633488,0.732582,0.83798,0.946468,1
0,-0.0053949,-0.015366,-0.0246468,-0.0333522,-0.0415848,-0.0494362,-0.0569879,-0.0643121,-0.0714722,-0.0785232,-0.0855116,-0.0924759,-0.0994459,-0.106443,-0.11348,-0.120561,-0.127678,-0.134816,-0.141949,-0.149039,-0.156038,-0.162889,-0.169524,-0.175865,-0.181826,-0.187306,-0.192204,-0.196414,-0.199821,-0.202313,-0.203773,-0.204094,-0.203171,-0.200907,-0.197219,-0.192036,-0.185302,-0.176977,-0.167042,-0.155492,-0.142338,-0.127603,-0.111319,-0.0935181,-0.0742242,-0.0534441,-0.0311555,-0.00729268,0.0182688,0.045752,0.0754807,0.107887,0.143522,0.183066,0.22732,0.277186,0.333625,0.397573,0.469816,0.550816,0.640483,0.73793,0.841261,0.947489,1
0,-0.00533416,-0.0151914,-0.0243665,-0.0329753,-0.0411214,-0.0488976,-0.0563864,-0.0636612,-0.0707867,-0.0778189,-0.084806,-0.0917875,-0.098795,-0.105851,-0.11297,-0.120156,-0.127403,-0.134698,-0.142013,-0.149312,-0.156546,-0.163658,-0.170578,-0.177225,-0.183511,-0.189334,-0.194587,-0.199157,-0.202927,-0.205776,-0.20758,-0.208223,-0.207593,-0.205583,-0.202099,-0.197062,-0.190406,-0.182082,-0.172063,-0.160339,-0.146915,-0.131808,-0.115053,-0.0966817,-0.0767227,-0.0551892,-0.0320694,-0.00731123,0.0191927,0.0476529,0.0783784,0.111782,0.148393,0.188858,0.233938,0.284484,0.341393,0.405531,0.477607,0.558015,0.646624,0.742563,0.84404,0.948309,1
0,-0.00524044,-0.0149269,-0.0239467,-0.0324154,-0.0404365,-0.0481026,-0.0554967,-0.0626924,-0.0697551,-0.0767419,-0.0837016,-0.0906752,-0.0976952,-0.104786,-0.111962,-0.11923,-0.126586,-0.134015,-0.141492,-0.148981,-0.156434,-0.163792,-0.170986,-0.177933,-0.184541,-0.190708,-0.196322,-0.201266,-0.205417,-0.208649,-0.210831,-0.211839,-0.211551,-0.209849,-0.206634,-0.201814,-0.195314,-0.18707,-0.177052,-0.165242,-0.151634,-0.136241,-0.119098,-0.100237,-0.0796878,-0.0574687,-0.0335794,-0.0079814,0.0194153,0.0488056,0.080483,0.114842,0.152385,0.19373,0.239598,0.290789,0.348144,0.412459,0.484377,0.564234,0.651872,0.746448,0.846294,0.948918,1
0,-0.00511384,-0.014573,-0.0233887,-0.0316744,-0.0395323,-0.047054,-0.0543216,-0.0614086,-0.0683804,-0.0752943,-0.0821999,-0.0891389,-0.096145,-0.103244,-0.110451,-0.117775,-0.125213,-0.132751,-0.140367,-0.148023,-0.155675,-0.163262,-0.170714,-0.177949,-0.184873,-0.191381,-0.19736,-0.202687,-0.207235,-0.210872,-0.213463,-0.214873,-0.214973,-0.213639,-0.210758,-0.20623,-0.199965,-0.191886,-0.181964,-0.170163,-0.156471,-0.140887,-0.123453,-0.104195,-0.0831434,-0.0603175,-0.035731,-0.00935791,0.0188754,0.0491429,0.0817228,0.116989,0.155421,0.197604,0.24422,0.296026,0.353802,0.418286,0.490061,0.569416,0.656177,0.749547,0.847996,0.949305,1
0,-0.00495493,-0.0141314,-0.0226953,-0.0307564,-0.038414,-0.0457575,-0.0528675,-0.0598165,-0.066669,-0.0734822,-0.0803061,-0.0871828,-0.0941471,-0.101225,-0.108436,-0.115787,-0.123278,-0.130897,-0.138623,-0.146421,-0.154245,-0.162038,-0.169729,-0.177236,-0.184463,-0.191306,-0.197647,-0.203363,-0.208321,-0.212383,-0.215409,-0.217259,-0.217793,-0.21688,-0.214396,-0.21023,-0.204281,-0.19647,-0.186742,-0.175056,-0.161386,-0.145718,-0.128104,-0.108558,-0.0871045,-0.0637624,-0.0385647,-0.0114936,0.0175121,0.0485962,0.0820238,0.118146,0.157417,0.200393,0.24772,0.300107,0.358285,0.422934,0.494586,0.573495,0.659483,0.751814,0.849116,0.949458,1
0,-0.00476475,-0.0136054,-0.0218715,-0.0296678,-0.0370894,-0.0442223,-0.0511445,-0.0579265,-0.0646315,-0.0713161,-0.0780299,-0.0848157,-0.0917086,-0.0987365,-0.105918,-0.113265,-0.120777,-0.128446,-0.13625,-0.144157,-0.152125,-0.160095,-0.168,-0.175756,-0.18327,-0.190434,-0.197132,-0.203236,-0.208611,-0.213115,-0.216601,-0.218923,-0.219936,-0.219497,-0.217474,-0.213744,-0.208198,-0.200743,-0.19131,-0.179845,-0.166312,-0.150699,-0.133026,-0.11331,-0.091572,-0.0678195,-0.0421142,-0.0144377,0.0152668,0.0470957,0.0813096,0.118229,0.158285,0.202007,0.250003,0.30294,0.3615,0.426314,0.49787,0.576398,0.661728,0.753199,0.849618,0.949364,1
0,-0.00454487,-0.0129992,-0.0209243,-0.028418,-0.0355698,-0.0424611,-0.0491663,-0.055753,-0.0622827,-0.0688106,-0.0753858,-0.0820509,-0.0888418,-0.0957872,-0.102908,-0.110216,-0.117714,-0.125395,-0.133242,-0.141223,-0.149299,-0.157414,-0.165501,-0.173479,-0.181254,-0.188722,-0.195762,-0.202248,-0.208041,-0.212996,-0.216963,-0.219788,-0.221319,-0.221406,-0.219908,-0.216689,-0.21163,-0.204627,-0.195595,-0.184467,-0.171197,-0.155761,-0.138161,-0.118406,-0.0965119,-0.0724987,-0.0464043,-0.0182255,0.0120782,0.0445708,0.0795021,0.11715,0.157931,0.202346,0.250968,0.304423,0.363347,0.428328,0.499819,0.578041,0.662839,0.753642,0.849459,0.949015,1
0,-0.00429743,-0.0123189,-0.0198628,-0.0270189,-0.0338693,-0.0404899,-0.0469503,-0.0533147,-0.0596419,-0.0659852,-0.0723928,-0.0789071,-0.0855641,-0.0923935,-0.0994174,-0.10665,-0.114096,-0.121751,-0.1296,-0.137615,-0.145759,-0.153979,-0.162211,-0.170376,-0.178382,-0.186126,-0.193489,-0.200342,-0.206547,-0.211957,-0.216416,-0.219768,-0.221853,-0.222515,-0.221601,-0.218967,-0.214483,-0.20803,-0.199509,-0.18884,-0.175963,-0.16084,-0.143456,-0.123809,-0.101909,-0.0777738,-0.0514277,-0.0228732,0.00791552,0.0409748,0.0765168,0.114816,0.156256,0.201305,0.250505,0.304442,0.363714,0.428868,0.500333,0.57832,0.662722,0.75308,0.848611,0.948398,1
0,-0.0040251,-0.0115716,-0.0186983,-0.0254849,-0.0320053,-0.0383282,-0.0445179,-0.0506341,-0.0567324,-0.0628638,-0.0690751,-0.0754079,-0.0818986,-0.0885774,-0.0954678,-0.102586,-0.109939,-0.117525,-0.125332,-0.133337,-0.141503,-0.149783,-0.158116,-0.166427,-0.174626,-0.182611,-0.190267,-0.197466,-0.204068,-0.209926,-0.214883,-0.218778,-0.221446,-0.222723,-0.22245,-0.220472,-0.216646,-0.210842,-0.202946,-0.192862,-0.180516,-0.165853,-0.14884,-0.129463,-0.10772,-0.0836208,-0.057179,-0.0283977,0.00274096,0.0362515,0.0723012,0.111154,0.153166,0.198777,0.248495,0.302872,0.362469,0.427803,0.499284,0.57713,0.661295,0.751447,0.847031,0.947497,1
0,-0.00373109,-0.010766,-0.017444,-0.0238332,-0.0299979,-0.0359989,-0.041894,-0.0477378,-0.0535821,-0.0594751,-0.0654617,-0.0715826,-0.077874,-0.0843669,-0.0910859,-0.0980488,-0.105266,-0.112738,-0.120455,-0.1284,-0.136539,-0.144829,-0.153213,-0.16162,-0.169965,-0.178149,-0.18606,-0.193571,-0.200547,-0.206838,-0.212287,-0.21673,-0.22,-0.221926,-0.222342,-0.221084,-0.217998,-0.21294,-0.205783,-0.196414,-0.184741,-0.170694,-0.15422,-0.135288,-0.113882,-0.089998,-0.0636386,-0.0348022,-0.0034759,0.030359,0.0667936,0.106083,0.148564,0.194648,0.244813,0.299578,0.359475,0.424997,0.496545,0.574357,0.658462,0.74867,0.844668,0.94629,1
0,-0.00341915,-0.00991218,-0.0161152,-0.0220834,-0.0278703,-0.033528,-0.039107,-0.0446563,-0.050223,-0.0558523,-0.0615867,-0.0674657,-0.0735252,-0.0797964,-0.0863052,-0.0930714,-0.100107,-0.107417,-0.114995,-0.122826,-0.130884,-0.139128,-0.147506,-0.155954,-0.16439,-0.172721,-0.180839,-0.188621,-0.195933,-0.20263,-0.208553,-0.21354,-0.217419,-0.220017,-0.22116,-0.220677,-0.218404,-0.214185,-0.207876,-0.199351,-0.1885,-0.175231,-0.159474,-0.141176,-0.120305,-0.0968381,-0.0707644,-0.0420721,-0.0107416,0.0232613,0.0599325,0.0995236,0.142351,0.188803,0.239328,0.29442,0.354585,0.420303,0.491975,0.569874,0.654113,0.74466,0.841462,0.944753,1
0,-0.00309346,-0.00902124,-0.0147287,-0.0202571,-0.0256482,-0.0309446,-0.0361888,-0.0414236,-0.0466912,-0.0520329,-0.057489,-0.0630972,-0.0688926,-0.0749069,-0.0811669,-0.0876939,-0.094503,-0.101601,-0.108987,-0.11665,-0.124566,-0.132704,-0.141015,-0.14944,-0.157905,-0.166323,-0.174589,-0.182588,-0.19019,-0.197251,-0.203618,-0.209129,-0.21361,-0.216888,-0.218783,-0.219119,-0.217721,-0.214423,-0.209067,-0.201512,-0.191628,-0.179304,-0.164449,-0.146988,-0.126865,-0.10404,-0.0784794,-0.0501582,-0.0190431,0.0149287,0.0516614,0.0913958,0.134427,0.181119,0.231902,0.287245,0.34764,0.413559,0.485418,0.563536,0.648122,0.739317,0.837344,0.942858,1
0,-0.00275865,-0.00810543,-0.0133031,-0.018378,-0.0233596,-0.0282802,-0.033174,-0.038077,-0.043026,-0.0480586,-0.0532118,-0.0585217,-0.0640225,-0.0697456,-0.0757187,-0.0819649,-0.0885012,-0.0953381,-0.102478,-0.109914,-0.117629,-0.125595,-0.133771,-0.142105,-0.15053,-0.158963,-0.16731,-0.17546,-0.183291,-0.190663,-0.197428,-0.203426,-0.208488,-0.212436,-0.215092,-0.216272,-0.215797,-0.213489,-0.20918,-0.202711,-0.193936,-0.182724,-0.16896,-0.152546,-0.133402,-0.11146,-0.0866665,-0.0589709,-0.0283232,0.00533602,0.0419394,0.081634,0.124696,0.171478,0.222391,0.277893,0.338467,0.404588,0.476698,0.555175,0.640341,0.73252,0.832231,0.940574,1
0,-0.00241966,-0.00717781,-0.011858,-0.0164713,-0.0210343,-0.0255685,-0.0300995,-0.0346563,-0.0392702,-0.0439743,-0.0488026,-0.0537889,-0.0589663,-0.0643659,-0.0700158,-0.0759404,-0.0821591,-0.0886851,-0.0955245,-0.102675,-0.110125,-0.117853,-0.125824,-0.133992,-0.142299,-0.150671,-0.159021,-0.167246,-0.175231,-0.182845,-0.189946,-0.196378,-0.201977,-0.206569,-0.209972,-0.212004,-0.212479,-0.211213,-0.208026,-0.202746,-0.19521,-0.185269,-0.172784,-0.157633,-0.139708,-0.118914,-0.0951675,-0.0683926,-0.0385163,-0.0054694,0.030777,0.070199,0.113079,0.159762,0.210649,0.266192,0.326874,0.393188,0.465611,0.544598,0.630594,0.724126,0.826024,0.937863,1
0,-0.00208168,-0.00625204,-0.0104141,-0.0145633,-0.0187032,-0.0228446,-0.0270041,-0.0312036,-0.0354687,-0.039828,-0.044312,-0.0489523,-0.0537803,-0.0588266,-0.0641195,-0.0696845,-0.0755426,-0.08171,-0.0881962,-0.0950034,-0.102125,-0.109546,-0.117238,-0.125163,-0.133271,-0.141496,-0.149761,-0.157974,-0.166027,-0.173799,-0.181156,-0.187951,-0.194025,-0.199209,-0.203325,-0.20619,-0.207618,-0.207419,-0.205407,-0.201398,-0.195214,-0.186689,-0.175661,-0.161985,-0.145525,-0.126155,-0.103761,-0.078235,-0.0494752,-0.0173758,0.018205,0.0570712,0.0995134,0.145867,0.196531,0.251961,0.312654,0.37913,0.451922,0.531573,0.618669,0.713959,0.818603,0.934677,1
0,-0.00175006,-0.00534213,-0.0089925,-0.012681,-0.0163983,-0.0201446,-0.0239277,-0.0277623,-0.0316682,-0.0356696,-0.0397934,-0.0440686,-0.0485248,-0.0531916,-0.0580972,-0.0632678,-0.068726,-0.0744901,-0.0805729,-0.0869808,-0.0937124,-0.100758,-0.108097,-0.115699,-0.123522,-0.131511,-0.139598,-0.1477,-0.155723,-0.163555,-0.171072,-0.178138,-0.184602,-0.190303,-0.19507,-0.198723,-0.201077,-0.201943,-0.201128,-0.198442,-0.193696,-0.186707,-0.177297,-0.165296,-0.150539,-0.132872,-0.112147,-0.0882172,-0.0609407,-0.0301689,0.00425675,0.0422664,0.0839698,0.129711,0.179904,0.235018,0.29558,0.362157,0.435353,0.515819,0.604305,0.701798,0.809813,0.930958,1
0,-0.00143015,-0.00446214,-0.00761427,-0.0108513,-0.0141515,-0.0175047,-0.0209103,-0.0243761,-0.0279164,-0.0315505,-0.035302,-0.0391969,-0.0432629,-0.0475285,-0.0520213,-0.0567675,-0.0617909,-0.0671117,-0.0727454,-0.078702,-0.0849849,-0.0915897,-0.0985033,-0.105703,-0.113155,-0.120814,-0.128624,-0.136512,-0.144396,-0.152176,-0.159742,-0.166968,-0.173716,-0.179834,-0.185161,-0.189524,-0.192745,-0.194635,-0.195004,-0.193656,-0.190397,-0.185032,-0.177368,-0.167214,-0.154382,-0.138689,-0.119951,-0.0979844,-0.0726037,-0.0436177,-0.0108323,0.0259221,0.0664929,0.111262,0.160659,0.215186,0.275414,0.341978,0.415577,0.496997,0.587175,0.687362,0.799456,0.926627,1
0,-0.00112723,-0.00362586,-0.00630013,-0.00910066,-0.0119941,-0.0149605,-0.0179916,-0.0210886,-0.0242604,-0.027522,-0.0308933,-0.0343975,-0.0380601,-0.0419078,-0.0459675,-0.0502652,-0.0548252,-0.0596687,-0.0648136,-0.070273,-0.0760543,-0.0821584,-0.0885784,-0.095299,-0.102295,-0.109532,-0.116963,-0.124528,-0.132157,-0.139765,-0.147253,-0.154511,-0.161414,-0.167824,-0.173592,-0.178555,-0.182545,-0.185381,-0.186875,-0.186837,-0.185068,-0.181367,-0.175532,-0.167358,-0.156637,-0.14316,-0.126713,-0.107075,-0.0840173,-0.0572982,-0.0266573,0.00821155,0.0471997,0.090554,0.138741,0.192314,0.251915,0.318271,0.392211,0.474687,0.566862,0.670284,0.787266,0.921582,1
0,-0.000846353,-0.00284644,-0.00506981,-0.00745423,-0.00995579,-0.0125461,-0.0152097,-0.0179418,-0.0207465,-0.0236346,-0.0266225,-0.0297306,-0.0329819,-0.0364013,-0.0400143,-0.0438462,-0.0479212,-0.0522613,-0.0568857,-0.0618098,-0.0670445,-0.0725951,-0.0784604,-0.084632,-0.0910931,-0.0978177,-0.10477,-0.111903,-0.119158,-0.126465,-0.133741,-0.140889,-0.1478,-0.154353,-0.160413,-0.165833,-0.170457,-0.174115,-0.176631,-0.177819,-0.177486,-0.175432,-0.171451,-0.16533,-0.15685,-0.145783,-0.131889,-0.114917,-0.0945967,-0.0706346,-0.0427097,-0.0104737,0.0263811,0.0677538,0.11419,0.166314,0.224862,0.290694,0.364807,0.448374,0.54283,0.650076,0.772887,0.915679,1
0,-0.000592241,-0.00213611,-0.00394157,-0.00593529,-0.00806437,-0.0102931,-0.0126,-0.0149751,-0.0174183,-0.0199365,-0.0225429,-0.0252549,-0.0280932,-0.0310803,-0.0342403,-0.0375971,-0.0411742,-0.0449935,-0.0490751,-0.0534359,-0.0580891,-0.0630438,-0.0683033,-0.0738653,-0.0797203,-0.0858511,-0.0922318,-0.0988271,-0.105591,-0.112469,-0.11939,-0.126277,-0.133037,-0.139565,-0.145745,-0.151447,-0.15653,-0.160844,-0.164225,-0.166499,-0.167486,-0.166992,-0.164816,-0.160747,-0.154561,-0.146021,-0.134874,-0.120846,-0.103634,-0.0829048,-0.0582791,-0.029326,0.00446704,0.0431961,0.0872028,0.137215,0.194105,0.258913,0.332866,0.417426,0.514387,0.626081,0.755817,0.908718,1
0,-0.000369131,-0.00150575,-0.00293163,-0.0045645,-0.00634438,-0.00822981,-0.0101945,-0.0122245,-0.0143159,-0.0164726,-0.0187045,-0.0210263,-0.0234562,-0.0260145,-0.0287229,-0.0316039,-0.0346795,-0.0379712,-0.0414986,-0.0452795,-0.0493287,-0.0536575,-0.0582733,-0.0631782,-0.0683692,-0.0738367,-0.0795638,-0.085526,-0.0916899,-0.0980128,-0.104442,-0.110914,-0.117354,-0.123677,-0.129785,-0.135568,-0.140907,-0.145667,-0.149707,-0.15287,-0.154992,-0.155895,-0.155391,-0.153278,-0.14934,-0.143343,-0.135033,-0.124126,-0.110305,-0.0932063,-0.072411,-0.0474264,-0.0176696,0.017541,0.0582414,0.105262,0.159647,0.222667,0.295863,0.381093,0.480635,0.597395,0.735346,0.900411,1
0,-0.000180653,-0.000964544,-0.00205355,-0.00335913,-0.00481647,-0.00638019,-0.00802072,-0.00972118,-0.0114748,-0.0132828,-0.0151526,-0.0170962,-0.0191292,-0.0212693,-0.0235361,-0.0259498,-0.0285307,-0.0312988,-0.0342729,-0.0374705,-0.040907,-0.0445951,-0.0485446,-0.0527613,-0.0572471,-0.0619984,-0.0670064,-0.0722557,-0.0777239,-0.083381,-0.0891884,-0.0950987,-0.101055,-0.106989,-0.112824,-0.118473,-0.123835,-0.1288,-0.133249,-0.137047,-0.140053,-0.142111,-0.143054,-0.142698,-0.140847,-0.137282,-0.131762,-0.124013,-0.11372,-0.100514,-0.0839579,-0.0635194,-0.0385498,-0.00826136,0.0281327,0.071056,0.12178,0.181887,0.253332,0.338526,0.440434,0.562776,0.710438,0.890322,1
0,-2.96812e-05,-0.000519535,-0.00131764,-0.00233228,-0.00349644,-0.00476292,-0.00610047,-0.00749051,-0.00892447,-0.0104015,-0.0119269,-0.0135102,-0.0151644,-0.0169049,-0.0187484,-0.0207129,-0.0228162,-0.0250765,-0.0275109,-0.0301359,-0.0329665,-0.0360156,-0.0392944,-0.0428109,-0.0465702,-0.0505737,-0.0548185,-0.059297,-0.0639959,-0.0688961,-0.0739719,-0.07919,-0.0845096,-0.0898816,-0.0952478,-0.100541,-0.105685,-0.110593,-0.115169,-0.119307,-0.122889,-0.125787,-0.127861,-0.128958,-0.128906,-0.127518,-0.124579,-0.119843,-0.113022,-0.10377,-0.0916635,-0.0761751,-0.0566362,-0.032191,-0.00171896,0.0357639,0.081324,0.13692,0.205052,0.288885,0.392389,0.520518,0.679553,0.877778,1
0,8.18494e-05,-0.000175144,-0.000730181,-0.00149206,-0.00239439,-0.00339045,-0.00444905,-0.00555124,-0.00668758,-0.00785596,-0.00905979,-0.0103066,-0.0116071,-0.0129739,-0.0144211,-0.0159638,-0.0176174,-0.0193974,-0.0213189,-0.0233966,-0.0256441,-0.0280738,-0.0306968,-0.0335222,-0.036557,-0.0398055,-0.0432693,-0.0469463,-0.0508305,-0.0549116,-0.0591743,-0.0635978,-0.0681555,-0.072814,-0.0775334,-0.0822662,-0.0869575,-0.0915441,-0.0959549,-0.10011,-0.103921,-0.107289,-0.110106,-0.112252,-0.113593,-0.113978,-0.113235,-0.111162,-0.10752,-0.102014,-0.0942748,-0.0838249,-0.0700372,-0.0520705,-0.0287811,0.00138022,0.0399434,0.0888949,0.151393,0.231607,0.334953,0.468328,0.640357,0.861669,1
0,0.000153186,6.74607e-05,-0.000292674,-0.00084063,-0.00151376,-0.00226812,-0.00307435,-0.00391445,-0.00477909,-0.00566553,-0.00657592,-0.00751599,-0.00849407,-0.00952033,-0.0106061,-0.0117637,-0.0130054,-0.0143442,-0.0157925,-0.0173625,-0.019066,-0.020914,-0.0229165,-0.0250823,-0.0274191,-0.0299327,-0.0326271,-0.0355038,-0.0385621,-0.0417978,-0.0452038,-0.0487688,-0.0524777,-0.0563103,-0.0602419,-0.0642422,-0.0682753,-0.0722994,-0.0762665,-0.0801221,-0.0838052,-0.0872475,-0.0903733,-0.0930982,-0.0953276,-0.0969549,-0.0978573,-0.0978901,-0.0968785,-0.0946038,-0.0907836,-0.085041,-0.0768584,-0.0655075,-0.0499443,-0.0286586,0.000549374,0.0402655,0.0939475,0.166988,0.266807,0.403324,0.589295,0.840038,1
0,0.000185139,0.000211175,-7.96743e-07,-0.000373275,-0.000850428,-0.00139332,-0.00197611,-0.00258296,-0.00320557,-0.00384117,-0.00449109,-0.00515951,-0.00585273,-0.00657845,-0.00734533,-0.00816263,-0.00903997,-0.0099871,-0.0110138,-0.0121295,-0.0133436,-0.014665,-0.0161021,-0.0176625,-0.0193532,-0.0211801,-0.0231482,-0.0252608,-0.02752,-0.0299257,-0.0324761,-0.0351667,-0.0379905,-0.0409374,-0.0439943,-0.0471443,-0.0503671,-0.0536382,-0.0569292,-0.0602075,-0.0634361,-0.0665737,-0.0695742,-0.0723865,-0.0749541,-0.0772131,-0.0790909,-0.0805025,-0.0813445,-0.0814861,-0.0807532,-0.0789044,-0.0755902,-0.070288,-0.0621953,-0.0500581,-0.0318915,-0.00453707,0.0364964,0.0973269,0.187861,0.322469,0.521101,0.809148,1
0,0.000180701,0.00026412,0.000156743,-7.72872e-05,-0.000391754,-0.000754716,-0.00114529,-0.00155086,-0.00196484,-0.00238499,-0.00281211,-0.00324917,-0.00370057,-0.00417175,-0.0046688,-0.00519823,-0.00576679,-0.00638133,-0.00704874,-0.00777581,-0.00856924,-0.00943551,-0.0103809,-0.0114112,-0.0125321,-0.0137485,-0.015065,-0.0164853,-0.0180124,-0.0196482,-0.0213937,-0.0232484,-0.0252103,-0.0272759,-0.0294398,-0.0316946,-0.0340309,-0.036437,-0.0388988,-0.0414004,-0.0439231,-0.0464466,-0.0489482,-0.0514036,-0.0537863,-0.0560683,-0.0582189,-0.0602042,-0.0619845,-0.0635105,-0.0647147,-0.0654979,-0.0657022,-0.0650651,-0.0631341,-0.0591139,-0.0515877,-0.0380153,-0.0138431,0.0287876,0.10146,0.224277,0.428733,0.7614,1
0,0.000146113,0.00024113,0.00019964,6.92072e-05,-0.000115668,-0.000331583,-0.000563692,-0.000803295,-0.001046,-0.00129034,-0.00153689,-0.00178753,-0.00204507,-0.00231291,-0.00259483,-0.00289484,-0.00321712,-0.00356586,-0.00394532,-0.00435971,-0.0048132,-0.00530986,-0.00585371,-0.00644861,-0.00709828,-0.00780623,-0.00857576,-0.00940987,-0.0103112,-0.0112821,-0.0123241,-0.0134385,-0.0146259,-0.0158858,-0.0172173,-0.0186184,-0.020086,-0.0216164,-0.0232044,-0.0248445,-0.02653,-0.0282538,-0.0300085,-0.0317866,-0.0335815,-0.0353875,-0.0372009,-0.0390206,-0.0408489,-0.0426917,-0.0445578,-0.0464566,-0.0483897,-0.0503327,-0.0521935,-0.0537202,-0.0543037,-0.0525562,-0.045429,-0.0263976,0.0183354,0.113402,0.305609,0.681209,1
0,9.25551e-05,0.000165581,0.000157643,9.86972e-05,1.04273e-05,-9.3201e-05,-0.000203809,-0.000316755,-0.000429843,-0.000542441,-0.000654927,-0.00076833,-0.000884095,-0.00100393,-0.00112971,-0.00126341,-0.00140704,-0.00156266,-0.00173232,-0.00191807,-0.00212195,-0.00234597,-0.00259211,-0.00286234,-0.00315857,-0.00348267,-0.00383644,-0.00422163,-0.00463985,-0.00509262,-0.0055813,-0.00610706,-0.00667088,-0.00727349,-0.00791534,-0.00859661,-0.00931718,-0.0100766,-0.0108743,-0.0117094,-0.0125809,-0.013488,-0.0144304,-0.0154081,-0.0164226,-0.0174771,-0.0185777,-0.0197344,-0.0209629,-0.0222872,-0.0237423,-0.0253789,-0.027269,-0.0295114,-0.0322357,-0.0355913,-0.0396923,-0.0444284,-0.0489178,-0.0500383,-0.0386386,0.0099671,0.155163,0.53954,1
0,3.80861e-05,7.12902e-05,7.28973e-05,5.65538e-05,3.11457e-05,1.71572e-06,-2.9042e-05,-5.97951e-05,-8.99889e-05,-0.000119532,-0.000148606,-0.000177558,-0.000206834,-0.000236936,-0.000268402,-0.000301787,-0.000337654,-0.000376568,-0.000419093,-0.00046579,-0.000517219,-0.000573935,-0.000636492,-0.000705443,-0.000781336,-0.000864721,-0.000956143,-0.00105614,-0.00116525,-0.00128399,-0.00141286,-0.00155236,-0.00170295,-0.00186506,-0.00203908,-0.00222538,-0.0024243,-0.00263615,-0.00286124,-0.0030999,-0.00335252,-0.00361965,-0.00390206,-0.00420089,-0.00451788,-0.00485562,-0.00521801,-0.00561083,-0.00604268,-0.00652635,-0.00708095,-0.00773539,-0.00853419,-0.00954748,-0.0108884,-0.0127433,-0.0154173,-0.0193863,-0.0252702,-0.0334021,-0.0419096,-0.0398688,0.0170083,0.299527,1
0,0,0,0,0,0,0,0,0,0,0,0,0,0,0,0,0,0,0,0,0,0,0,0,0,0,0,0,0,0,0,0,0,0,0,0,0,0,0,0,0,0,0,0,0,0,0,0,0,0,0,0,0,0,0,0,0,0,0,0,0,0,0,0,0,1
